ID,Country of Origin,Farm Name,Mill,Company,Altitude,Region,Producer,In-Country Partner,Harvest Year,Owner,Variety,Processing Method,Aroma,Flavor,Aftertaste,Acidity,Body,Balance,Uniformity,Clean Cup,Sweetness,Overall,Defects,Total Cup Points,Moisture Percentage,Category One Defects,Quakers,Color,Category Two Defects,Certification Body
0,Colombia,Finca El Paraiso,Finca El Paraiso,Coffee Quality Union,1930,Cauca,Diego Samuel Bermudez,Japan Coffee Exchange,2022,Coffee Quality Union,Castillo,Double Anaerobic Washed,8.58,8.5,8.42,8.58,8.25,8.42,10.0,10.0,10.0,8.58,0.0,89.33,11.8,0,0,green,3,Japan Coffee Exchange
1,Taiwan,Royal Bean Geisha Estate,Royal Bean Geisha Estate,Taiwan Coffee Laboratory,1200,Chiayi,Cengfusen,Taiwan Coffee Laboratory,2022,Taiwan Coffee Laboratory,Gesha,Washed / Wet,8.5,8.5,7.92,8.0,7.92,8.25,10.0,10.0,10.0,8.5,0.0,87.58,10.5,0,0,blue-green,0,Taiwan Coffee Laboratory
2,Laos,Oklao Coffee Farms,Oklao Coffee Processing Plant,Taiwan Coffee Laboratory,1300,Laos Borofen Plateau,Wu Tao Chi,Taiwan Coffee Laboratory,2022,Taiwan Coffee Laboratory,Java,Semi Washed,8.33,8.42,8.08,8.17,7.92,8.17,10.0,10.0,10.0,8.33,0.0,87.42,10.4,0,0,yellowish,2,Taiwan Coffee Laboratory
3,Costa Rica,La Cumbre,La Montana Tarrazu Mill,Coffee Quality Union,1900,Tarrazu,Santa Maria De Dota,Japan Coffee Exchange,2022,Coffee Quality Union,Gesha,Washed / Wet,8.08,8.17,8.17,8.25,8.17,8.08,10.0,10.0,10.0,8.25,0.0,87.17,11.8,0,0,green,0,Japan Coffee Exchange
4,Colombia,Finca Santuario,Finca Santuario,Coffee Quality Union,2100,Cauca,Camilo Merizalde,Japan Coffee Exchange,2022,Coffee Quality Union,Red Bourbon,Honey / Mossto,8.33,8.33,8.08,8.25,7.92,7.92,10.0,10.0,10.0,8.25,0.0,87.08,11.6,0,2,yellow-green,2,Japan Coffee Exchange
5,Guatemala,La Colina,Dinámica Café,Taiwan Coffee Laboratory,1668,Chimaltenango,Emilio Antonio Medina Garcia,Taiwan Coffee Laboratory,2022,Taiwan Coffee Laboratory,Gesha,Washed / Wet,8.33,8.33,8.25,7.83,7.83,8.17,10.0,10.0,10.0,8.25,0.0,87.0,10.7,0,0,green,2,Taiwan Coffee Laboratory
6,Taiwan,Melastoma Coffee Estate,Yemudankafei,Taiwan Coffee Laboratory,1250,Chiayi,Huangbaoxi,Taiwan Coffee Laboratory,2022,Taiwan Coffee Laboratory,Gesha,Washed / Wet,8.33,8.17,8.08,8.0,7.83,8.25,10.0,10.0,10.0,8.25,0.0,86.92,9.1,0,0,green,0,Taiwan Coffee Laboratory
7,Taiwan,Chi Tsai Liu Li Ecological Farm,Qicailiulikafeizhuangyuan,Taiwan Coffee Laboratory,1200,Chiayi,Zhuangjiarong,Taiwan Coffee Laboratory,2022,Taiwan Coffee Laboratory,Unknown,Natural / Dry,8.25,8.25,8.17,8.0,7.92,8.08,10.0,10.0,10.0,8.08,0.0,86.75,10.0,0,0,yellow-green,1,Taiwan Coffee Laboratory
8,Taiwan,Liang Xuan Coffee Farm,Liangxuankafeizhuangyuan,Taiwan Coffee Laboratory,1250,Chiayi,Zhongxuliang,Taiwan Coffee Laboratory,2022,Taiwan Coffee Laboratory,Sl34,Washed / Wet,8.08,8.08,8.25,8.08,7.92,8.0,10.0,10.0,10.0,8.25,0.0,86.67,10.8,0,0,greenish,0,Taiwan Coffee Laboratory
9,United Republic Of Tanzania,Mashima Amcos,Gourmet Coffee Mill,Dorman T Limited,1700,Kilimanjaro,Dorman T Limited,Kenya Coffee Traders Association,2023,Gilbert Maina,Bourbon,Washed / Wet,8.08,8.17,8.08,8.17,8.0,8.0,10.0,10.0,10.0,8.0,0.0,86.5,11.0,0,0,greenish,0,Kenya Coffee Traders Association
10,Ethiopia,Tade Gg,Moledo,"Marubeni Corp.,",2200,Guji,Tesfaye Bekele Degaga,Japan Coffee Exchange,2022,Eri Asaeda,Ethiopian Heirlooms,Natural / Dry,8.08,8.25,8.0,8.08,7.92,7.92,10.0,10.0,10.0,8.0,0.0,86.25,11.8,0,1,greenish,1,Japan Coffee Exchange
11,Guatemala,Karen Acajabon Coffee Farm,Cafetoland,Taiwan Coffee Laboratory,2000,Acatenango,Karen Acajabon,Taiwan Coffee Laboratory,2021,Full Sweet Coffee,Gesha,Natural / Dry,8.08,8.0,8.0,7.75,8.25,8.17,10.0,10.0,10.0,8.0,0.0,86.25,11.5,0,0,brownish,1,Taiwan Coffee Laboratory
12,Taiwan,Goodfun Coffee Farm,Gufengkafeizhuangyuan,Taiwan Coffee Laboratory,1250,Yunlin,Laiyanhe,Taiwan Coffee Laboratory,2022,Goodfun,Gesha,Washed / Wet,8.08,8.0,8.08,8.08,8.0,8.0,10.0,10.0,10.0,8.0,0.0,86.25,11.9,0,0,green,0,Taiwan Coffee Laboratory
13,Ethiopia,Gelana Geisha,Dry Mill Or Hulling Facility,Kerchanshe Trading Plc,2000,Guji,Kerchanshe,Metad Agricultural Development Plc,2022,Isreal Degefa,Gesha,Natural / Dry,7.67,8.17,8.0,8.33,8.0,8.0,10.0,10.0,10.0,8.0,0.0,86.17,11.6,0,3,yellow-green,2,Metad Agricultural Development Plc
14,Colombia,La Gaitania,La Gaitania,Taiwan Coffee Laboratory,1850,Tolima,Josue Enciso Suarez,Taiwan Coffee Laboratory,2022,Peihsun Lin,Caturra,Washed / Wet,8.08,8.0,8.08,7.92,8.08,8.0,10.0,10.0,10.0,8.0,0.0,86.17,10.6,0,0,green,0,Taiwan Coffee Laboratory
15,Taiwan,Qingyekafeizhuangyuan,Qingyekafeizhuangyuan,Taiwan Coffee Laboratory,1100,Chiayi,Yeshiyuan,Taiwan Coffee Laboratory,2022,Taiwan Coffee Laboratory,Sl34,Pulped Natural / Honey,8.17,8.08,8.0,7.92,8.0,7.92,10.0,10.0,10.0,8.0,0.0,86.08,10.2,0,0,green,0,Taiwan Coffee Laboratory
16,Ethiopia,Halo Bariti Cooprative,Halo Bariti Cooprative,Coffee Quality Union,2100,Yirgacheffe,Halo Bariti Cooprative,Japan Coffee Exchange,2022,Coffee Quality Union,Wolishalo,Washed / Wet,8.17,8.08,7.92,8.17,7.75,7.92,10.0,10.0,10.0,8.08,0.0,86.08,11.3,0,2,green,2,Japan Coffee Exchange
17,Taiwan,Dongbikafeizhuangyuan,Yes,Dongbi Coffee,1300,Gukeng Township,Chenjingli,Blossom Valley International,2022,Dongbi,Gesha,Natural / Dry,8.0,8.17,8.0,7.92,7.92,7.92,10.0,10.0,10.0,8.17,0.0,86.08,10.3,0,0,yellow-green,0,Blossom Valley International
18,Taiwan,Yingtaoguogukengkafeizhuangyuan,Yes,Chenyiguojiyouxiangongsi,1200,Yunlin County,Wangyinghui,Blossom Valley International,2022,Wangyinghui,Gesha,Natural / Dry,8.08,8.17,7.75,7.92,7.83,8.0,10.0,10.0,10.0,8.17,0.0,85.92,11.0,0,0,brownish,1,Blossom Valley International
19,United Republic Of Tanzania,Burka,Gourmet Coffee Mill,Dorman T Limited,1600,Arusha,Dorman T Limited,Kenya Coffee Traders Association,2023,Gilbert Maina,Bourbon,Washed / Wet,8.17,8.0,7.92,7.92,8.17,7.75,10.0,10.0,10.0,7.92,0.0,85.83,10.0,0,0,greenish,0,Kenya Coffee Traders Association
20,Guatemala,Finca Vista Hermosa,El Vergel,Taiwan Coffee Laboratory,1900,Fraijanes,Fredy Orantes,Taiwan Coffee Laboratory,2022,Carlos Pascual -,Gesha,Natural / Dry,8.0,7.92,8.08,7.92,7.75,8.0,10.0,10.0,10.0,8.08,0.0,85.75,11.6,0,0,yellowish,0,Taiwan Coffee Laboratory
21,Taiwan,Uncle Chung.S Coffee Farm,Uncle Chung.S Coffee Farm,Taiwan Coffee Laboratory,850,Zhuoxi Township,Yu Ting Yu,Taiwan Coffee Laboratory,2022,Yu Ting Yu,Typica,Natural / Dry,8.08,8.0,7.92,7.92,8.0,7.83,10.0,10.0,10.0,7.92,0.0,85.67,10.4,0,0,green,0,Taiwan Coffee Laboratory
22,Thailand,Hom Doi,Machines To Peel Outer Skin Of The Cherry Coffee And Coffee Is Dried Manually,Lyrose,1700,Chiang Mai,Lisu Farmers,Fabb Academy Of Coffee,2022,Christian Charmette,Catimor,Pulped Natural / Honey,7.67,8.0,7.83,8.0,8.08,8.0,10.0,10.0,10.0,8.08,0.0,85.67,9.8,0,0,browish-green,5,Fabb Academy Of Coffee
23,Colombia,El Diamante,El Diamante,Coffee Quality Union,1350,Quindio,Farm Bedoya Arango,Japan Coffee Exchange,2022,Coffee Quality Union,Castillo Paraguaycito,Unknown,8.08,8.0,7.83,8.17,7.75,7.83,10.0,10.0,10.0,8.0,0.0,85.67,11.3,0,0,brownish,2,Japan Coffee Exchange
24,Taiwan,Yongshunkafeizhuangyuan,Yongshunkafeizhuangyuan,Taiwan Coffee Laboratory,1250,Yunlin,Suganyong,Taiwan Coffee Laboratory,2022,Taiwan Coffee Laboratory,Sl34,Washed / Wet,7.83,8.0,7.92,8.0,8.0,7.92,10.0,10.0,10.0,7.92,0.0,85.58,10.6,0,0,bluish-green,0,Taiwan Coffee Laboratory
25,Brazil,Fazenda Recreio,Dry Mill,"Wit Wealth, Investments & Trust",1250,Região Vulcânica,Diogo T. Dias De Macedo,Brazil Specialty Coffee Association,2022,Andre Clark,Unknown,Pulped Natural / Honey,7.83,8.08,7.83,7.92,8.0,7.83,10.0,10.0,10.0,8.0,0.0,85.5,11.3,2,0,green,3,Brazil Specialty Coffee Association
26,Taiwan,Zouzhouyuan,Zouzhouyuan,Taiwan Coffee Laboratory,1300,Chiayi,Fangzhenglun,Taiwan Coffee Laboratory,2022,"Fang, Cheng Lun",Gesha,Natural / Dry,7.92,7.92,8.0,7.92,7.83,7.92,10.0,10.0,10.0,8.0,0.0,85.5,9.1,0,0,green,2,Taiwan Coffee Laboratory
27,Taiwan,Songyuekafeizhuangyuan,Songyuekafeizhuangyuan,Taiwan Coffee Laboratory,1200,Yunlin,Guozhihao,Taiwan Coffee Laboratory,2022,"Jhih Hao,Guo",Gesha,Natural / Dry,8.17,8.08,7.92,8.0,7.58,7.83,10.0,10.0,10.0,7.92,0.0,85.5,10.6,0,0,green,0,Taiwan Coffee Laboratory
28,Taiwan,Tafuyayoujinongyuan,Tafuyayoujinongyuan,Taiwan Coffee Laboratory,1060,Chiayi,Chenqinglong,Taiwan Coffee Laboratory,2022,Taiwan Coffee Laboratory,Gesha,Natural / Dry,8.0,8.0,8.0,7.92,7.75,7.92,10.0,10.0,10.0,7.92,0.0,85.5,10.2,0,0,blue-green,0,Taiwan Coffee Laboratory
29,United States (Hawaii),Hokukano Ranch,Kona Coffee & Tea,Taiwan Coffee Laboratory,600,Kona,Kona Hills Llc,Taiwan Coffee Laboratory,2022,Taiwan Coffee Laboratory,Typica,Washed / Wet,8.0,7.92,8.0,7.83,7.67,8.0,10.0,10.0,10.0,8.0,0.0,85.42,9.3,0,0,green,0,Taiwan Coffee Laboratory
30,Taiwan,Siang-Ting Organic Farm,Siang-Ting Organic Farm,Taiwan Coffee Laboratory,250,Shoufeng Township,Zhang Jin-Yi,Taiwan Coffee Laboratory,2022,Zhang Jin Yi,Typica,Washed / Wet,8.0,8.0,7.83,7.83,7.75,7.92,10.0,10.0,10.0,8.08,0.0,85.42,11.4,0,0,bluish-green,0,Taiwan Coffee Laboratory
31,Taiwan,Siang-Ting Organic Farm,Siang-Ting Organic Farm,Taiwan Coffee Laboratory,250,Shoufeng Township,Zhang Jin-Yi,Taiwan Coffee Laboratory,2022,Zhang Jin Yi,Typica,Washed / Wet,7.92,8.0,7.83,7.92,7.83,7.83,10.0,10.0,10.0,8.0,0.0,85.33,10.8,0,0,green,0,Taiwan Coffee Laboratory
32,Taiwan,Jinzan Coffee Estate,Jinzan Coffee Estate,Taiwan Coffee Laboratory,668,Tainan City,"Ye,Ming-Zan",Taiwan Coffee Laboratory,2022,Taiwan Coffee Laboratory,Gesha,Washed / Wet,8.08,8.17,7.67,7.83,7.67,7.92,10.0,10.0,10.0,8.0,0.0,85.33,11.3,0,0,green,0,Taiwan Coffee Laboratory
33,Ethiopia,Eshetu Farm,Lata Agri Export,Alo Coffee,1950,Oromia,Eshetu,Metad Agricultural Development Plc,2022,Tamiru Tadesse Tesema,Ethiopian Heirlooms,Washed / Wet,7.67,7.83,7.83,8.0,8.0,8.0,10.0,10.0,10.0,8.0,0.0,85.33,9.9,0,2,green,3,Metad Agricultural Development Plc
34,Ethiopia,Uraga Bisrat Washing Station,Dry Mill,Tadesse Desta Import & Export,2350,Southern Ethiopia Guji,Bisrat Melaku,Metad Agricultural Development Plc,2022,Tadessa Desta Amene,Ethiopian Heirlooms,Natural / Dry,8.0,8.08,8.0,8.0,7.67,7.75,10.0,10.0,10.0,7.83,0.0,85.33,12.3,0,3,yellow-green,4,Metad Agricultural Development Plc
35,Ethiopia,Yhaenu Plc Farm,Guji Coffee Export P.L.C,Yhaenu Plc,1700,Oromia,Yhaenu Plc,Metad Agricultural Development Plc,2022,Yhaenu Plc,Ethiopian Heirlooms,Washed / Wet,7.92,7.75,7.83,8.17,8.0,7.75,10.0,10.0,10.0,7.83,0.0,85.25,9.4,0,1,greenish,1,Metad Agricultural Development Plc
36,Taiwan,Zhuowushankafeinongchang,Zhuowushankafeinongchang,Taiwan Coffee Laboratory,1200,Chiayi,Xudingye,Taiwan Coffee Laboratory,2022,Hsu Ting Yey,Gesha,Washed / Wet,8.0,7.92,7.83,7.92,7.83,7.83,10.0,10.0,10.0,7.92,0.0,85.25,9.5,0,0,bluish-green,0,Taiwan Coffee Laboratory
37,Taiwan,Yu Siang Coffee Estate,Yu Siang Coffee Estate,Taiwan Coffee Laboratory,650,Tainan City,"Chen, Jian-Yuan",Taiwan Coffee Laboratory,2022,Taiwan Coffee Laboratory,Gesha,Pulped Natural / Honey,8.25,8.08,7.83,7.75,7.67,7.75,10.0,10.0,10.0,7.92,0.0,85.25,11.3,0,0,green,0,Taiwan Coffee Laboratory
38,Kenya,Small Holder,Nkg,Ibero K Ltd,1900,Central,Small Holder,Kenya Coffee Traders Association,2023,Judith Murimi,Sl28,Washed / Wet,8.17,7.75,7.83,7.58,7.92,8.0,10.0,10.0,10.0,8.0,0.0,85.25,9.2,0,0,greenish,1,Kenya Coffee Traders Association
39,Taiwan,Huangtingkafeizhuangyuan,Yes,Chenyiguojiyouxiangongsi,850,Gukeng Township,Chenrongfeng,Blossom Valley International,2018,Chen Rong Feng,Gesha,Washed / Wet,7.75,7.92,7.75,8.0,7.83,7.92,10.0,10.0,10.0,8.0,0.0,85.17,10.3,0,0,bluish-green,0,Blossom Valley International
40,Taiwan,（）Agriculture Production And Marketing Groups Of Hualien Shlin Township Special Crop Coffee 1St Class,（）Agriculture Production And Marketing Groups Of Hualien Shlin Township Special Crop Coffee 1St Class,Taiwan Coffee Laboratory,500,Show Linxia Township,Li Zhi-Xia,Taiwan Coffee Laboratory,2022,Taiwan Coffee Laboratory,Typica,Natural / Dry,8.0,7.92,7.83,7.92,7.75,7.75,10.0,10.0,10.0,7.92,0.0,85.08,10.0,0,0,brownish,0,Taiwan Coffee Laboratory
41,Taiwan,Bayigaodi,Qianzaoji、Tuokeji,Maotaishengjigufenyouxiangongsi,1000,Taiwanpingdong,Chenkehan,Taiwan Coffee Laboratory,2022,Ethan Lee,Typica,Washed / Wet,8.0,8.08,7.67,7.75,7.92,7.83,10.0,10.0,10.0,7.83,0.0,85.08,10.5,0,0,greenish,0,Taiwan Coffee Laboratory
42,Taiwan,Xiangjialanzhuangyuan,Xiangjialanzhuangyuan,Taiwu Coffee Cooperative,800,Miaolixian,Huangjianqiulan,Taiwan Coffee Laboratory,2022,Taiwu,Gesha,Washed / Wet,8.0,7.92,7.67,8.0,7.75,7.83,10.0,10.0,10.0,7.92,0.0,85.08,10.0,0,0,pale-yellow,5,Taiwan Coffee Laboratory
43,Uganda,Gideon Kule,Dry Mill,Kyagalanyi Coffee Limited,1905,Rwenzori,Kyagalanyi Coffee Limited,Uganda Coffee Development Authority,2022,Kyagalanyi Coffee Limited,Sl14,Washed / Wet,8.0,7.92,7.75,7.75,7.75,7.92,10.0,10.0,10.0,7.92,0.0,85.0,11.0,0,0,green,1,Uganda Coffee Development Authority
44,Taiwan,Igfarm,Igfarm,Taiwan Coffee Laboratory,150,Shoufeng Township,Liu Meng Tsung,Taiwan Coffee Laboratory,2022,Liu Meng Tsung,Typica,Unknown,7.92,8.0,7.92,8.0,7.58,7.75,10.0,10.0,10.0,7.83,0.0,85.0,10.9,0,0,green,0,Taiwan Coffee Laboratory
45,Taiwan,Qingshanpingkafeinongchang,Qingshanpingkafeinongchang,Taiwan Coffee Laboratory,800,Yunlin,Wangqinglian,Taiwan Coffee Laboratory,2022,Taiwan Coffee Laboratory,Gesha,Natural / Dry,8.17,8.08,7.83,7.67,7.67,7.75,10.0,10.0,10.0,7.83,0.0,85.0,10.1,0,0,yellow-green,0,Taiwan Coffee Laboratory
46,Guatemala,Varias Fincas,Beneficio Pastores,"Peter Schoenfeld, S.A.",1600,Antigua,Varios Productores,Asociacion Nacional Del Café,2023,Yesica Alejandra Martìnez Vàsquez,Caturra,Washed / Wet,7.67,8.08,7.67,8.0,7.92,7.83,10.0,10.0,10.0,7.83,0.0,85.0,9.9,0,1,green,1,Asociacion Nacional Del Café
47,Guatemala,Peña Blanca,Beneficio Las Americas,"Olam Agro Guatemala, S.A.",4700,Santa Rosa,Pablo Chuy,Asociacion Nacional Del Café,2023,Yesica Alejandra Martìnez Vàsquez,Catuai,Washed / Wet,7.67,8.0,7.75,7.92,8.0,7.83,10.0,10.0,10.0,7.83,0.0,85.0,11.3,0,0,green,4,Asociacion Nacional Del Café
48,Guatemala,San Francisco Cotzal,"Inmobiliaria E Inversiones Dos Mil, S.A.","Inmobiliaria E Inversiones Dos Mil, S.A.",1600,Quiche,San Francisco Cotzal,Asociacion Nacional Del Café,2022,Angelica Paola Citan Lopez,Caturra,Washed / Wet,7.83,7.92,7.75,8.0,7.75,7.75,10.0,10.0,10.0,7.92,0.0,84.92,11.7,0,3,green,1,Asociacion Nacional Del Café
49,Taiwan,Liuquwo,Liuquwo,Taiwu Coffee Cooperative,400,Xinzhuxian,Huangjungan,Taiwan Coffee Laboratory,2022,Taiwu,Typica,Washed / Wet,7.92,7.92,7.83,7.83,7.75,7.83,10.0,10.0,10.0,7.83,0.0,84.92,9.5,0,0,green,2,Taiwan Coffee Laboratory
50,Taiwan,Beipingshanlin,Beipingshanlin,Taiwu Coffee Cooperative,230,Xinzhuxian,Daizhennan,Taiwan Coffee Laboratory,2022,Taiwu,Yellow Bourbon,Natural / Dry,8.0,8.0,7.75,7.75,7.67,7.75,10.0,10.0,10.0,7.92,0.0,84.83,9.7,0,0,brownish,0,Taiwan Coffee Laboratory
51,Indonesia,Pt Indo Cafco North Sumatera,Pt Indo Cafco,Interamerican Coffee,1200,Aceh Tengah,Pt Indo Cafco North Sumatera,Nkg Quality Service A Division Of Bernhard Rothfos Intercafé Ag,2022,Charles Umeano,Catimor,Unknown,7.83,7.92,7.75,7.83,7.83,7.83,10.0,10.0,10.0,7.83,0.0,84.83,11.9,0,3,bluish-green,2,Nkg Quality Service A Division Of Bernhard Rothfos Intercafé Ag
52,Peru,Ruya Yayu Farm,No.,Taiwan Coffee Laboratory,1750,Villa Rica,Ruya Yayu,Taiwan Coffee Laboratory,2022,Taiwan Coffee Laboratory,Gesha,Washed / Wet,8.0,8.0,7.83,7.83,7.58,7.83,10.0,10.0,10.0,7.75,0.0,84.83,10.7,0,0,greenish,0,Taiwan Coffee Laboratory
53,United Republic Of Tanzania,Iyenga,City Coffee Ltd,Volcafe/Taylorwinch Tanzania Ltd,1654,Mbeya,Iyenga Amcos,Kenya Coffee Traders Association,2023,Balam Hinyula,Bourbon,Washed / Wet,7.92,7.75,7.75,7.92,7.83,7.83,10.0,10.0,10.0,7.83,0.0,84.83,11.2,0,0,greenish,0,Kenya Coffee Traders Association
54,Taiwan,Youyoubasimafeikafeizhuangyuan,Youyoubasimafeikafeizhuangyuan,Taiwan Coffee Laboratory,1300,Chiayi,Zhengyuping,Taiwan Coffee Laboratory,2022,Taiwan Coffee Laboratory,Sl34,Natural / Dry,7.83,7.83,7.67,7.67,7.83,8.0,10.0,10.0,10.0,8.0,0.0,84.83,9.5,0,0,greenish,0,Taiwan Coffee Laboratory
55,Taiwan,Senyuegaofengkafeizhuangyuan,Senyuegaofengkafeizhuangyuan,Taiwan Coffee Laboratory,1400,Nantou,Wuzhenhong,Taiwan Coffee Laboratory,2022,Taiwan Coffee Laboratory,Sl34,Washed / Wet,7.67,7.92,7.92,7.83,7.75,7.83,10.0,10.0,10.0,7.83,0.0,84.75,10.4,0,0,green,0,Taiwan Coffee Laboratory
56,Brazil,Fazenda Guariroba,Wet-Hulling,Mirai Seeds Corp.,1100,Campo Das Vertentes,Homero Paiva,Japan Coffee Exchange,2022,Marcelo Itoh,Yellow Bourbon,Double Carbonic Maceration / Natural,7.83,7.92,7.75,7.92,7.67,7.83,10.0,10.0,10.0,7.83,0.0,84.75,11.2,0,1,green,5,Japan Coffee Exchange
57,Panama,La Santa,La Santa,Panamerican Coffee Trading,1200,Boquete,La Santa,Specialty Coffee Association Of Costa Rica,2023,Rodrigo Soto,Catuai,Washed / Wet,7.83,7.83,7.75,7.92,7.83,7.75,10.0,10.0,10.0,7.83,0.0,84.75,10.3,0,1,bluish-green,5,Specialty Coffee Association Of Costa Rica
58,Taiwan,Lanyunlvhaikafei,Qianzaoji、Tuokeji,Maotaishengjigufenyouxiangongsi,1200,Taiwanpingdong,Zhuoronghua,Taiwan Coffee Laboratory,2022,Ethan Lee,Yellow Bourbon,Pulped Natural / Honey,7.92,8.08,7.67,7.92,7.67,7.75,10.0,10.0,10.0,7.75,0.0,84.75,10.0,0,0,blue-green,0,Taiwan Coffee Laboratory
59,Guatemala,Varias Fincas,Varios Beneficios,"Peter Schoenfeld, S.A.",1600,Huehuetenango,Varios Productores,Asociacion Nacional Del Café,2023,Yesica Alejandra Martìnez Vàsquez,Caturra,Washed / Wet,7.67,8.0,7.67,7.83,7.92,7.67,10.0,10.0,10.0,7.92,0.0,84.67,10.6,0,0,green,1,Asociacion Nacional Del Café
60,Guatemala,San Rafael Urias Valdes,Eco Coffee,"Valbros, S. A.",4895,Antigua Guatemala,"Valbros, S. A.",Asociacion Nacional Del Café,2022,Angelica Paola Citan Lopez,Bourbon,Natural / Dry,7.83,8.0,7.67,7.83,7.75,7.75,10.0,10.0,10.0,7.83,0.0,84.67,10.9,0,3,yellow-green,2,Asociacion Nacional Del Café
61,Costa Rica,Gamboa Farm,Beneficio Montañas Del Diamante,Ceca S.A.,1850,Tarrazu,Martin Gutierrez,Specialty Coffee Association Of Costa Rica,2023,Joselyn Morales Quesada,Caturra,Washed / Wet,7.58,7.83,7.5,7.67,7.83,7.67,10.0,10.0,10.0,8.58,0.0,84.67,10.0,0,1,green,2,Specialty Coffee Association Of Costa Rica
62,Taiwan,8,8,Taiwu Coffee Cooperative,300,Xinzhuxian,Luozhenghong,Taiwan Coffee Laboratory,2022,Taiwu,Typica,Pulped Natural / Honey,7.83,7.83,7.75,7.75,7.75,7.75,10.0,10.0,10.0,7.92,0.0,84.58,9.6,0,0,greenish,0,Taiwan Coffee Laboratory
63,Taiwan,Dachu Coffee Estate,Dachu Coffee Estate,Taiwan Coffee Laboratory,700,Tainan City,"（Kuo,Ya-Tsung）",Taiwan Coffee Laboratory,2022,"Kuo, Ya-Tsung",Gesha,Pulped Natural / Honey,8.17,7.83,7.67,7.83,7.67,7.67,10.0,10.0,10.0,7.75,0.0,84.58,11.5,0,0,green,0,Taiwan Coffee Laboratory
64,Nicaragua,Finca Las Dos Marias,"Compare Coperativo Condega, Esteli, Nicaragua",Nicanola Coffee,1350,Esteli,Nicanola Coffee,Specialty Coffee Association,2022,Rene J Alcebo,Catrenic,Natural / Dry,7.92,7.75,7.67,7.67,7.83,7.75,10.0,10.0,10.0,8.0,0.0,84.58,9.9,1,0,green,2,Specialty Coffee Association
65,Taiwan,Yamuyikafeizhuangyuan,Yamuyikafeizhuangyuan,Taiwan Coffee Laboratory,1250,Chiayi,Puhanwen,Taiwan Coffee Laboratory,2022,Pu Han Wen,Gesha,Washed / Wet,8.08,7.83,7.67,7.67,7.67,7.75,10.0,10.0,10.0,7.92,0.0,84.58,11.2,0,0,green,2,Taiwan Coffee Laboratory
66,Taiwan,Mingyangyuan,Mingyangyuan,Taiwan Coffee Laboratory,1450,Chiayi,Wangzhengyuan,Taiwan Coffee Laboratory,2022,Taiwan Coffee Laboratory,Sl34,Natural / Dry,7.83,8.0,7.67,7.75,7.67,7.75,10.0,10.0,10.0,7.92,0.0,84.58,10.3,0,0,green,0,Taiwan Coffee Laboratory
67,Vietnam,Cupncare,Cupncare,Taiwan Coffee Laboratory,650,Quang Tri,Tong Phuc Lam Trading Services Company Limited,Taiwan Coffee Laboratory,2022,Taiwan Coffee Laboratory,Catimor,Natural / Dry,8.0,7.83,7.75,7.67,7.58,7.83,10.0,10.0,10.0,7.92,0.0,84.58,11.6,0,0,brownish,0,Taiwan Coffee Laboratory
68,Costa Rica,La Cumbre,La Montana Tarrazu Mill,Coffee Quality Union,1900,Tarrazu,Santa Maria De Dota,Japan Coffee Exchange,2022,Coffee Quality Union,Gesha,Washed / Wet,7.75,7.83,7.67,7.83,7.75,7.75,10.0,10.0,10.0,7.92,0.0,84.5,11.7,0,1,green,0,Japan Coffee Exchange
69,Taiwan,55,55,Taiwu Coffee Cooperative,520,Miaolixian,Lihongyi,Taiwan Coffee Laboratory,2022,Taiwu,Unknown,Pulped Natural / Honey,7.75,7.92,7.83,7.75,7.75,7.75,10.0,10.0,10.0,7.75,0.0,84.5,11.3,0,0,bluish-green,0,Taiwan Coffee Laboratory
70,Honduras,La Cuchilla,Global Coffee,Mercon Honduras,1368,Ajuterique,Jose Nahum Maldonado,Instituto Hondureño Del Café,2023,Comercial Internacional De Granos De Honduras Sa De Cv,Catuai,Washed / Wet,7.83,7.92,7.75,7.75,7.75,7.75,10.0,10.0,10.0,7.75,0.0,84.5,9.8,0,0,green,3,Instituto Hondureño Del Café
71,Ethiopia,Tracon Trading Plc,5.2Ha,Tracon Trading Plc,1943,Ethiopia,Tracon Trading Plc,Blossom Valley International,2022,Li Xiao Fei,Ethiopian Heirlooms,Washed / Wet,7.92,7.83,7.75,7.92,7.58,7.67,10.0,10.0,10.0,7.83,0.0,84.5,10.9,0,0,green,9,Blossom Valley International
72,Taiwan,917 917 Farm,917 917 Farm,Taiwan Coffee Laboratory,400,Yuli Township,Huang Yi-Xuan,Taiwan Coffee Laboratory,2022,Huangyixuan,Typica,Natural / Dry,8.08,7.92,7.75,7.83,7.5,7.58,10.0,10.0,10.0,7.83,0.0,84.5,10.2,0,0,green,0,Taiwan Coffee Laboratory
73,Taiwan,Huangtingkafeizhuangyuan,Huangtingkafeizhuangyuan,Taiwan Coffee Laboratory,850,Yunlin,Chenrongfeng,Taiwan Coffee Laboratory,2022,Taiwan Coffee Laboratory,Gesha,Washed / Wet,7.83,8.0,7.5,7.75,7.75,7.75,10.0,10.0,10.0,7.83,0.0,84.42,10.1,0,0,bluish-green,1,Taiwan Coffee Laboratory
74,Guatemala,Finca Alta Luz,Unknown,"Retrillas Del Pacifico, S.A.",1400,Huehuetenango,Maria De Los Angeles Perez,Asociacion Nacional Del Café,2023,Yesica Alejandra Martìnez Vàsquez,Bourbon,Washed / Wet,7.67,7.83,7.75,7.75,7.83,7.75,10.0,10.0,10.0,7.75,0.0,84.33,9.2,0,1,green,5,Asociacion Nacional Del Café
75,United States (Hawaii),Miranda'S Farm,Greenwell,Taiwan Coffee Laboratory,1300,Ka'U District Of Big Island,Jose & Berta Miranda,Taiwan Coffee Laboratory,2022,Taiwan Coffee Laboratory,Catuai,Washed / Wet,7.92,7.83,7.75,7.92,7.5,7.67,10.0,10.0,10.0,7.75,0.0,84.33,10.1,3,0,yellow-green,7,Taiwan Coffee Laboratory
76,Ethiopia,Bisrat Melaku Washing Station,Washing Station,Tadesse Desta Import Export,2361,Addis Ababa,Bisrat Melaku,Metad Agricultural Development Plc,2022,Tadesse Desta,Ethiopian Heirlooms,Natural / Dry,7.83,7.75,7.58,7.92,8.0,7.5,10.0,10.0,10.0,7.75,0.0,84.33,11.0,0,5,yellow-green,4,Metad Agricultural Development Plc
77,El Salvador,San Nicolas,San Nicolas,Taiwan Coffee Laboratory,1500,Chalatenango,Various Producers,Taiwan Coffee Laboratory,2021,Taiwan Coffee Laboratory,Pacamara,Pulped Natural / Honey,7.83,7.83,7.83,7.83,7.67,7.67,10.0,10.0,10.0,7.67,0.0,84.33,10.3,0,0,brownish,4,Taiwan Coffee Laboratory
78,Colombia,Asociacion Tayronaca,Trilladora Santa Tirsa,Sucafina Na,2100,Sierra Nevada De Santa Marta,Grupo Tap,Asociación Colombiana Para La Excelencia Del Cafe,2022,Sucafina Colombia Sas,Castillo And Colombia Blend,Washed / Wet,7.75,7.75,7.75,7.75,7.83,7.67,10.0,10.0,10.0,7.83,0.0,84.33,11.6,0,0,green,1,Asociación Colombiana Para La Excelencia Del Cafe
79,Indonesia,"Lintong Nihuta/Dolok Sanggul,Sumatera Utara","Lintong Nihuta/Dolok Sanggul,Sumatera Utara",Coffee Quality Union,1350,Sumatera Utara,"Lintong Nihuta/Dolok Sanggul,Sumatera Utara",Japan Coffee Exchange,2022,Coffee Quality Union,Jember,Wet Hulling,7.67,7.67,7.83,7.83,7.67,7.75,10.0,10.0,10.0,7.83,0.0,84.25,11.5,0,1,blue-green,1,Japan Coffee Exchange
80,Guatemala,San Jose Del Lago,San Jose Del Lago,"Peter Schoenfeld, S.A.",1600,Atitlán,"Cafetalera Paquim, S.A.",Asociacion Nacional Del Café,2023,Yesica Alejandra Martìnez Vàsquez,Typica,Washed / Wet,7.58,7.92,7.67,7.75,7.83,7.75,10.0,10.0,10.0,7.75,0.0,84.25,10.0,0,0,green,1,Asociacion Nacional Del Café
81,Madagascar,Mandroso,On The Farm Mechanical Huller And Polisher / Sorting By Hand,Vao Vao Sarl,1500,Itasy,Marc Dumont,Nkg Quality Service A Division Of Bernhard Rothfos Intercafé Ag,2022,Marc Dumont,Bourbon,Washed / Wet,7.92,7.92,7.58,7.75,7.58,7.67,10.0,10.0,10.0,7.83,0.0,84.25,12.1,0,0,blue-green,0,Nkg Quality Service A Division Of Bernhard Rothfos Intercafé Ag
82,Honduras,La Cuchilla,Global Coffee,Mercon Honduras,1368,Ajuterique,Jose Nahum Maldonado,Instituto Hondureño Del Café,2023,Comercial Internacional De Granos De Honduras Sa De Cv,Catuai,Washed / Wet,7.75,7.75,7.58,7.83,7.75,7.75,10.0,10.0,10.0,7.75,0.0,84.17,10.2,0,0,green,2,Instituto Hondureño Del Café
83,Guatemala,San Francisco Cotzal,"Inmobiliaria E Inversiones Dos Mil, S.A.","Inmobiliaria E Inversiones Dos Mil, S.A.",1600,Quiche,San Francisco Cotzal,Asociacion Nacional Del Café,2022,Angelica Paola Citan Lopez,Caturra,Washed / Wet,7.58,7.92,7.58,7.83,7.75,7.67,10.0,10.0,10.0,7.75,0.0,84.08,11.0,0,3,green,2,Asociacion Nacional Del Café
84,Taiwan,Zhulunzizhuangyuan,Zhulunzizhuangyuan,Taiwu Coffee Cooperative,150,Xinbeishi,Qiujianming,Taiwan Coffee Laboratory,2022,Taiwu,Unknown,Pulped Natural / Honey,7.83,7.92,7.83,7.58,7.58,7.67,10.0,10.0,10.0,7.67,0.0,84.08,10.8,0,0,greenish,2,Taiwan Coffee Laboratory
85,Taiwan,Yuanfukafeizhuangyuan,Yuanfukafeizhuangyuan,Taiwan Coffee Laboratory,800,Yunlin,Lihongqi,Taiwan Coffee Laboratory,2022,Taiwan Coffee Laboratory,Gesha,Natural / Dry,7.92,7.75,7.67,7.75,7.75,8.0,9.33,10.0,10.0,7.92,0.0,84.08,10.6,0,0,yellow-green,0,Taiwan Coffee Laboratory
86,Guatemala,Varias Fincas,El Trèbol/Lìnea Gourmet,"Peter Schoenfeld, S.A.",1600,Oriente Santa Rosa,Varios Productores,Asociacion Nacional Del Café,2023,Yesica Alejandra Martìnez Vàsquez,Caturra,Washed / Wet,7.67,7.83,7.67,7.83,7.75,7.67,10.0,10.0,10.0,7.67,0.0,84.08,11.0,0,1,green,2,Asociacion Nacional Del Café
87,Guatemala,Varias Fincas,El Trebol/Linea Gourmet,"Peter Schoenfeld, S.A.",1600,Sierra De Las Minas,Varios Productores,Asociacion Nacional Del Café,2023,Yesica Alejandra Martìnez Vàsquez,Caturra,Washed / Wet,7.67,7.92,7.67,7.75,7.67,7.58,10.0,10.0,10.0,7.75,0.0,84.0,11.0,0,2,green,2,Asociacion Nacional Del Café
88,Honduras,Finca De La Casa,De La Casa,Taiwan Coffee Laboratory,1800,Lempira,Irma Consuelo Bonilla Hernandez,Taiwan Coffee Laboratory,2022,"Kao,Sing-Jay",Typica,Pulped Natural / Honey,7.75,7.75,7.75,7.67,7.75,7.67,10.0,10.0,10.0,7.67,0.0,84.0,9.4,0,0,green,0,Taiwan Coffee Laboratory
89,United Republic Of Tanzania,Kongoni Estate,Rafiki Mill,C.Dorman Sez Ltd,1750,Arusha,Dorman T Ltd,Kenya Coffee Traders Association,2023,Gilbert Maina,Bourbon,Washed / Wet,7.58,7.67,7.75,7.75,7.75,7.75,10.0,10.0,10.0,7.75,0.0,84.0,9.8,0,0,greenish,3,Kenya Coffee Traders Association
90,Ethiopia,Ecom Agroindustrial,Beneficio Humedo,Descafeinadores Mexicano Sa. De Cv,1800,Sidama,Ecom Agroindustrial,Centro Agroecológico Del Café A.C.,2022,Descafeinadores Mexicanos S.A De C.V,Ethiopian Heirlooms,Washed / Wet,8.0,7.75,7.5,7.67,7.67,7.67,10.0,10.0,10.0,7.75,0.0,84.0,11.3,1,1,green,1,Centro Agroecológico Del Café A.C.
91,United Republic Of Tanzania,Mashima Amcos,Gourmet Coffee Mill,Dorman T Ltd,1700,Kilimanjaro,Dorman,Kenya Coffee Traders Association,2023,Gilbert Maina,Bourbon,Washed / Wet,7.75,7.58,7.58,7.92,7.67,7.75,10.0,10.0,10.0,7.75,0.0,84.0,11.6,0,0,greenish,2,Kenya Coffee Traders Association
92,Colombia,Coo,Laumayer Armenia,Interamerican Coffee,1700,Huila,Cooperativa Central De Caficultores Del Huila,Nkg Quality Service A Division Of Bernhard Rothfos Intercafé Ag,2022,Charles Umeano,Caturra,Washed / Wet,7.67,7.83,7.58,7.92,7.67,7.67,10.0,10.0,10.0,7.67,0.0,84.0,13.3,0,2,green,3,Nkg Quality Service A Division Of Bernhard Rothfos Intercafé Ag
93,Costa Rica,Gamboa Farm,Beneficio Montañas Del Diamante,Ceca S.A.,1850,Tarrazu,Martin Gutierrez,Specialty Coffee Association Of Costa Rica,2023,Joselyn Morales Quesada,Caturra,Washed / Wet,7.67,7.92,7.58,7.75,7.67,7.58,10.0,10.0,10.0,7.75,0.0,83.92,9.5,0,0,green,2,Specialty Coffee Association Of Costa Rica
94,Guatemala,El Morito,Sube,Taiwan Coffee Laboratory,1900,New Oriente,Various Producers,Taiwan Coffee Laboratory,2021,Taiwan Coffee Laboratory,Gesha,Natural / Dry,7.83,7.83,7.58,7.67,7.67,7.58,10.0,10.0,10.0,7.75,0.0,83.92,11.9,0,0,greenish,0,Taiwan Coffee Laboratory
95,Guatemala,San Jose Del Lago,San Jose Del Lago,"Peter Schoenfeld, S.A.",1600,Atitlán,"Cafetalera Paquim, S.A.",Asociacion Nacional Del Café,2023,Yesica Alejandra Martìnez Vàsquez,Bourbon,Washed / Wet,7.58,7.83,7.58,7.75,7.67,7.75,10.0,10.0,10.0,7.75,0.0,83.92,10.0,0,1,green,2,Asociacion Nacional Del Café
96,Thailand,Baan San Charoen,Baan San Charoen,Coffee Quality Union,1400,Nan,Phaibul Kitcharoen,Japan Coffee Exchange,2022,Coffee Quality Union,Catimor,Natural / Dry,7.75,7.67,7.58,7.75,7.75,7.67,10.0,10.0,10.0,7.75,0.0,83.92,11.6,0,0,yellowish,3,Japan Coffee Exchange
97,Colombia,Unknown,"Racafé & Cia S.C.A, Km 5 Vía Pereira",Marubeni Corporation,1411,Pereira,Racafe & Cia Sca,Japan Coffee Exchange,2023,Ikuto Uehara,Unknown,Washed / Wet,7.67,7.75,7.67,7.75,7.67,7.67,10.0,10.0,10.0,7.67,0.0,83.83,11.9,0,1,green,1,Japan Coffee Exchange
98,Guatemala,Finca Alta Luz,Unknown,"Retrillas Del Pacifico, S. A.",1400,Huehuetenango,Maria De Los Angeles Perez,Asociacion Nacional Del Café,2022,Angelica Paola Citan Lopez,Bourbon,Natural / Dry,7.58,7.83,7.67,7.67,7.67,7.67,10.0,10.0,10.0,7.75,0.0,83.83,10.8,0,0,green,4,Asociacion Nacional Del Café
99,Guatemala,San Rafael Urias Valdes,"Beneficio Santa Rita, S. A.",Asociación Nacional Del Cafe,5650,Antigua Guatemala,"Valbros, S. A.",Asociacion Nacional Del Café,2022,Angelica Paola Citan Lopez,Bourbon,Washed / Wet,7.58,7.92,7.5,7.67,7.75,7.67,10.0,10.0,10.0,7.75,0.0,83.83,10.9,0,1,greenish,4,Asociacion Nacional Del Café
100,Ethiopia,Gerbicho Lela Cooperative,Sidama Coffee Farmers Cooperative Union,Taylor Winch Coffee Ltd,2000,Sidama,Sidama Coffee Farmers Cooperative Union,Kenya Coffee Traders Association,2022,Taylor Winch Coffee Ltd.,Ethiopian Heirlooms,Washed / Wet,7.83,7.67,7.5,7.92,7.5,7.67,10.0,10.0,10.0,7.75,0.0,83.83,12.0,0,0,green,12,Kenya Coffee Traders Association
101,Colombia,N / A,Trilladora Popayán,Ecom Colombia,1700,Cauca,Regional Producers,Asociación Colombiana Para La Excelencia Del Cafe,2023,Raúl Vargas,Caturra,Washed / Wet,7.92,7.75,7.42,7.58,7.92,7.67,10.0,10.0,10.0,7.58,0.0,83.83,12.1,2,5,green,5,Asociación Colombiana Para La Excelencia Del Cafe
102,United States (Hawaii),Various Farms,Aloha Hills Kona Coffee,Taiwan Coffee Laboratory,600,Ka'U,Isla Custom Coffees,Taiwan Coffee Laboratory,2022,Taiwan Coffee Laboratory,Typica,Washed / Wet,7.67,7.92,7.58,7.58,7.58,7.75,10.0,10.0,10.0,7.75,0.0,83.83,11.8,0,3,green,3,Taiwan Coffee Laboratory
103,Colombia,La Gallera,La Gallera,Taiwan Coffee Laboratory,1800,Tolima,Oscar Javier Paez & Family,Taiwan Coffee Laboratory,2022,Peihsun Lin,Bourbon Sidra,Pulped Natural / Honey,7.67,7.92,7.67,7.58,7.67,7.67,10.0,10.0,10.0,7.58,0.0,83.75,10.6,0,0,greenish,1,Taiwan Coffee Laboratory
104,Mexico,Finca Custepec,Exportadora De Cafe California,Exportadora Café California,1200,Chiapas,Armando Pohlenz,Centro Agroecológico Del Café A.C.,2023,Andreas Kussmaul,Sarchimor,Washed / Wet,7.67,7.67,7.58,7.67,7.83,7.58,10.0,10.0,10.0,7.75,0.0,83.75,11.7,4,0,green,12,Centro Agroecológico Del Café A.C.
106,Taiwan,Yongshunkafeizhuangyuan,Yes,Yongshun,1250,Gukeng Township,Suganyong,Blossom Valley International,2022,Yongshun,Sl34,Washed / Wet,7.67,7.67,7.75,7.75,7.5,7.67,10.0,10.0,10.0,7.67,0.0,83.67,10.0,0,0,bluish-green,0,Blossom Valley International
107,Myanmar,Aromatic,Aromatic,Taiwan Coffee Laboratory,1400,South Shan State,Lim,Taiwan Coffee Laboratory,2022,Peihsun Lin,Catimor,Natural / Dry,7.83,7.83,7.67,7.58,7.58,7.58,10.0,10.0,10.0,7.58,0.0,83.67,10.2,0,1,pale-yellow,1,Taiwan Coffee Laboratory
108,Taiwan,Hengshannongchang,Hengshannongchang,Taiwu Coffee Cooperative,400,Xinzhuxian,Luoyishan,Taiwan Coffee Laboratory,2022,Taiwu,Unknown,Pulped Natural / Honey,7.58,7.75,7.67,7.83,7.5,7.67,10.0,10.0,10.0,7.67,0.0,83.67,9.2,0,0,greenish,0,Taiwan Coffee Laboratory
109,Honduras,Maria Bonita,"Cafe Organic Marcala, S.A. Comsa",Taiwan Coffee Laboratory,1470,La Paz,Pedro Turcios,Taiwan Coffee Laboratory,2021,Taiwan Coffee Laboratory,Parainema,Natural / Dry,7.67,7.67,7.58,7.75,7.67,7.67,10.0,10.0,10.0,7.67,0.0,83.67,11.1,0,2,pale-yellow,1,Taiwan Coffee Laboratory
110,Taiwan,Zhengyuankafei,Zhengyuankafei,Taiwu Coffee Cooperative,400,Xinzhuxian,Pengwenzheng,Taiwan Coffee Laboratory,2022,Taiwu,Unknown,Natural / Dry,7.58,7.67,7.5,7.75,7.75,7.67,10.0,10.0,10.0,7.67,0.0,83.58,8.4,0,0,green,0,Taiwan Coffee Laboratory
111,Taiwan,,,Taiwu Coffee Cooperative,300,Xinzhuxian,Songmingguang,Taiwan Coffee Laboratory,2022,Taiwu,Typica,Pulped Natural / Honey,7.58,7.75,7.58,7.75,7.58,7.67,10.0,10.0,10.0,7.67,0.0,83.58,9.1,0,0,green,0,Taiwan Coffee Laboratory
112,Guatemala,San Francisco Cotzal,"Inmobiliaria E Inversiones Dos Mil, S. A.",Asociación Nacional Del Cafe,1600,Quiche,San Francisco Cotzal,Asociacion Nacional Del Café,2022,Angelica Paola Citan Lopez,Caturra,Washed / Wet,7.58,7.83,7.58,7.67,7.58,7.58,10.0,10.0,10.0,7.75,0.0,83.58,10.9,0,2,green,4,Asociacion Nacional Del Café
113,Honduras,Varias,Beneficio Seco,Cafe Organico Marcala S.A De C.V.,1400,Marcala,Comsa,Instituto Hondureño Del Café,2022,Eliud Hernandez Gonzales,Shg,Washed / Wet,7.75,7.67,7.58,7.58,7.58,7.67,10.0,10.0,10.0,7.67,0.0,83.5,11.2,0,1,green,5,Instituto Hondureño Del Café
114,Colombia,La Fortaleza,Trilladora Pubenza,Cafe Colsuaves,1700,Popayán Cauca,La Fortaleza,Asociación Colombiana Para La Excelencia Del Cafe,2022,Pablo Velosa,Caturra,Washed / Wet,7.75,7.75,7.5,7.58,7.83,7.5,10.0,10.0,10.0,7.58,0.0,83.5,12.2,0,0,bluish-green,2,Asociación Colombiana Para La Excelencia Del Cafe
115,Thailand,Doi Tung Development Project,Dry Mill,Doi Tung Development Project,1580,North Of Thailand,Doi Tung Development Project,Fabb Academy Of Coffee,2022,Doi Tung Development Project,Bourbon,Washed / Wet,7.42,7.83,7.58,7.67,7.67,7.75,10.0,10.0,10.0,7.58,0.0,83.5,13.1,0,0,green,0,Fabb Academy Of Coffee
116,Ethiopia,Yhaenu Plc Farm,Guji Coffee Export P.L.C,Yhaenu Plc,1700,Oromia,Yhaenu Plc,Metad Agricultural Development Plc,2022,Yhaenu Plc,Ethiopian Heirlooms,Washed / Wet,7.42,7.42,7.42,8.0,7.92,7.67,10.0,10.0,10.0,7.67,0.0,83.5,10.4,0,1,greenish,11,Metad Agricultural Development Plc
117,Thailand,Doi Nan,Doi Nan,Coffee Quality Union,1450,Suan Ya Lung,Chalerm,Japan Coffee Exchange,2022,Coffee Quality Union,Java,Washed / Wet,7.67,7.67,7.5,7.67,7.58,7.67,10.0,10.0,10.0,7.67,0.0,83.42,11.6,0,2,green,0,Japan Coffee Exchange
118,Uganda,Bugisu Shamba,Kawacom,Kawacom Uganda Ltd,1900,Mt Elgon,Kawacom Uganda Ltd,Uganda Coffee Development Authority,2022,Kawacom Uganda Ltd,Sl14,Washed / Wet,7.75,7.75,7.5,7.5,7.58,7.58,10.0,10.0,10.0,7.75,0.0,83.42,10.1,0,0,green,3,Uganda Coffee Development Authority
119,Taiwan,Xiangxiangjiuyikafeizhuangyuan,Xiangxiangjiuyikafeizhuangyuan,Taiwan Coffee Laboratory,1100,Chiayi,Wuzhaoyun,Taiwan Coffee Laboratory,2022,Wu Jhao Yun,Unknown,Washed / Wet,7.75,7.92,7.67,7.92,7.75,7.83,8.67,10.0,10.0,7.92,0.0,83.42,10.1,0,0,blue-green,0,Taiwan Coffee Laboratory
120,Uganda,Masereka William,Dry Mill,Kyagalanyi Coffee Limited,1905,Rwenzori,Kyagalanyi Coffee Limited,Uganda Coffee Development Authority,2022,Kyagalanyi Coffee Limited,Sl14,Washed / Wet,7.75,7.67,7.58,7.5,7.67,7.5,10.0,10.0,10.0,7.67,0.0,83.33,11.1,0,0,green,5,Uganda Coffee Development Authority
121,Taiwan,Sifenzidao,Sifenzidao,Taiwu Coffee Cooperative,300,Xinzhuxian,Linshijie,Taiwan Coffee Laboratory,2022,Taiwu,Typica,Pulped Natural / Honey,7.58,7.67,7.5,7.75,7.5,7.58,10.0,10.0,10.0,7.75,0.0,83.33,9.7,0,0,greenish,0,Taiwan Coffee Laboratory
122,Guatemala,Mi Cafecito & La Providencia,Mi Cafecito + Agua Santa La Providencia + Agua Santa,Mr.Brown Cafe,1325,New Oriente & Huehuetenango,500 Producers,Taiwan Coffee Laboratory,2021,Mr.Brown Cafe,Marsellesa,Washed / Wet,7.5,7.75,7.58,7.75,7.67,7.58,10.0,10.0,10.0,7.5,0.0,83.33,11.4,0,0,green,0,Taiwan Coffee Laboratory
123,Taiwan,Muhuazhuangyuan,Muhuazhuangyuan,Taiwu Coffee Cooperative,300,Taoyuanshi,Jianjincai,Taiwan Coffee Laboratory,2022,Taiwu,Typica,Washed / Wet,7.58,7.67,7.58,7.75,7.42,7.58,10.0,10.0,10.0,7.75,0.0,83.33,9.6,0,0,green,1,Taiwan Coffee Laboratory
124,Colombia,El Laurel,Hulling Facility,Minka Coffee Company Ltd,1100,Sierra Nevada De Santa Marta,Eric Sellin,Fabb Academy Of Coffee,2022,Piradapkpl,Caturra,Washed / Wet,7.67,7.67,7.42,7.75,7.5,7.75,10.0,10.0,10.0,7.58,0.0,83.33,13.5,0,0,greenish,0,Fabb Academy Of Coffee
125,Costa Rica,Gamboa Farm,Beneficio Montañas Del Diamante,Ceca S.A.,1850,Tarrazu,Martin Gutierrez,Specialty Coffee Association Of Costa Rica,2023,Joselyn Morales Quesada,Caturra,Washed / Wet,7.58,7.75,7.42,7.67,7.5,7.75,10.0,10.0,10.0,7.67,0.0,83.33,0.0,0,0,green,3,Specialty Coffee Association Of Costa Rica
126,Taiwan,Donghongkafeizhuangyuan,Donghongkafeizhuangyuan,Taiwan Coffee Laboratory,750,Yunlin,Chenshandong,Taiwan Coffee Laboratory,2022,Chen Shan Dong,Sl34,Washed / Wet,7.75,7.83,7.58,7.58,7.58,7.5,10.0,10.0,10.0,7.5,0.0,83.33,10.7,0,0,blue-green,1,Taiwan Coffee Laboratory
127,Thailand,Doi Tung Development Project,Dry Mill,Doi Tung Development Project,1500,North Of Thailand,Doi Tung Development Project,Fabb Academy Of Coffee,2022,Doi Tung Development Project,Typica,Washed / Wet,7.92,7.92,7.75,7.33,7.58,7.5,10.0,10.0,10.0,7.33,0.0,83.33,12.3,0,0,yellow-green,16,Fabb Academy Of Coffee
128,United Republic Of Tanzania,Mashima Amcos,Gourmet Coffee Mill,Dorman Tanzania Ltd,1700,Kilimanjaro,Dorman Tanzania Ltd,Kenya Coffee Traders Association,2023,Gilbert Maina,Bourbon,Washed / Wet,7.92,7.67,7.42,7.5,7.67,7.58,10.0,10.0,10.0,7.5,0.0,83.25,10.4,0,0,greenish,8,Kenya Coffee Traders Association
129,Brazil,Fazenda Conquista E Capoeirinha,Dry Mill,Ipanema Coffees,950,Sul De Minas,Ipanema Agrícola Sa,Brazil Specialty Coffee Association,2023,Ipanema Coffees,Mundo Novo,Natural / Dry,7.58,7.5,7.5,7.83,7.67,7.5,10.0,10.0,10.0,7.67,0.0,83.25,11.6,0,0,green,4,Brazil Specialty Coffee Association
130,Taiwan,Bangbangyoujinongchang,Bangbangyoujinongchang,Taiwu Coffee Cooperative,1200,Miaolixian,Linmuqing,Taiwan Coffee Laboratory,2022,Taiwu,Unknown,Washed / Wet,7.75,7.75,7.58,7.67,7.42,7.5,10.0,10.0,10.0,7.58,0.0,83.25,9.6,0,0,green,1,Taiwan Coffee Laboratory
131,Colombia,Buenos Aires,Buenos Aires,Coffee Quality Union,1390,Quindio,Chucho Bedoya,Japan Coffee Exchange,2022,Coffee Quality Union,Red Bourbon,Anaerobico 1000H,7.67,7.67,7.58,7.67,7.58,7.58,10.0,10.0,10.0,7.5,0.0,83.25,10.9,0,0,brownish,2,Japan Coffee Exchange
132,Honduras,La Bendicion,"Comsa Cafe Organic Marcala, S.A",Taiwan Coffee Laboratory,1600,La Paz,Joaquin Suazo,Taiwan Coffee Laboratory,2021,Taiwan Coffee Laboratory,Lempira,Washed / Wet,7.67,7.75,7.67,7.58,7.5,7.58,10.0,10.0,10.0,7.5,0.0,83.25,10.5,0,0,bluish-green,3,Taiwan Coffee Laboratory
133,Honduras,Varias,Beneficio Seco,Cafe Organico Marcala S.A De C.V.,1400,Marcala,Comsa,Instituto Hondureño Del Café,2022,Eliud Hernandez Gonzales,Catuai,Washed / Wet,7.75,7.58,7.58,7.58,7.5,7.58,10.0,10.0,10.0,7.67,0.0,83.25,11.3,0,1,green,5,Instituto Hondureño Del Café
134,Taiwan,Miduozhuangyuan,Miduozhuangyuan,Taiwu Coffee Cooperative,300,Xinzhuxian,Zhangxinrong,Taiwan Coffee Laboratory,2022,Taiwu,Typica,Natural / Dry,7.75,7.75,7.5,7.75,7.5,7.42,10.0,10.0,10.0,7.5,0.0,83.17,9.7,0,0,greenish,2,Taiwan Coffee Laboratory
135,Taiwan,Yingxishanqiu,Yingxishanqiu,Taiwu Coffee Cooperative,340,Miaolixian,Wengzhaoan,Taiwan Coffee Laboratory,2022,Taiwu,Unknown,Washed / Wet,7.67,7.67,7.5,7.58,7.58,7.5,10.0,10.0,10.0,7.67,0.0,83.17,11.8,0,0,blue-green,0,Taiwan Coffee Laboratory
136,Laos,Nongluang Bolaven Plateau,Dao Heuang Group,Dao Heuang Group,1300,Champasack,Dao Heuang Group,Specialty Coffee Association Of Indonesia,2022,Dao Heuang Group,Catimor,Natural / Dry,7.67,7.75,7.33,7.67,7.58,7.5,10.0,10.0,10.0,7.58,0.0,83.08,11.8,0,0,brownish,7,Specialty Coffee Association Of Indonesia
137,Honduras,La Cuchilla,Cigrah,Cigrah,1368,Ajuterique,Fausto Nahun Maldonado,Instituto Hondureño Del Café,2022,Comercial Internacional De Granos De Honduras Sa De Cv,Catuai,Washed / Wet,7.67,7.67,7.5,7.58,7.58,7.5,10.0,10.0,10.0,7.58,0.0,83.08,10.6,0,2,green,7,Instituto Hondureño Del Café
138,Honduras,Bethel,Cadexsa,Cadexsa,1450,La Paz,Omar Acosta,Instituto Hondureño Del Café,2023,Cadexsa,Catuai,Washed / Wet,7.75,7.58,7.58,7.58,7.58,7.5,10.0,10.0,10.0,7.5,0.0,83.08,9.6,0,0,green,2,Instituto Hondureño Del Café
139,Colombia,El Prado,Neiva,Carcafe Ltda,1650,Huila,Franklin Dussan,Asociación Colombiana Para La Excelencia Del Cafe,2023,Rodrigo Amaya,Caturra,Washed / Wet,8.0,7.67,7.42,7.58,7.58,7.42,10.0,10.0,10.0,7.33,0.0,83.0,13.1,0,0,bluish-green,1,Asociación Colombiana Para La Excelencia Del Cafe
140,Taiwan,Shuqiaowozhuangyuan,Shuqiaowozhuangyuan,Taiwu Coffee Cooperative,300,Xinzhuxian,Wangweishu,Taiwan Coffee Laboratory,2022,Taiwu,Typica,Pulped Natural / Honey,7.5,7.67,7.58,7.58,7.5,7.5,10.0,10.0,10.0,7.58,0.0,82.92,8.9,0,0,blue-green,0,Taiwan Coffee Laboratory
141,Mexico,Finca Tequihua,"Coatepec, Veracruz",La Villa Coffee Company Llc,1350,Veracruz,Martin Tequihuatle Zepahua,Centro Agroecológico Del Café A.C.,2022,Alvin La Vaughn Landry,Bourbon,Washed / Wet,7.75,7.5,7.42,7.67,7.58,7.5,10.0,10.0,10.0,7.5,0.0,82.92,11.9,2,0,green,1,Centro Agroecológico Del Café A.C.
142,Colombia,La Argentina,La Argentina,Coffee Quality Union,1350,Quindio,Augusto Torres,Japan Coffee Exchange,2022,Coffee Quality Union,Typica Gesha,Washed / Wet,7.58,7.5,7.5,7.67,7.58,7.5,10.0,10.0,10.0,7.58,0.0,82.92,11.5,0,1,greenish,3,Japan Coffee Exchange
143,Taiwan,Songyuekafeizhuangyuan,Yes,Chenyiguojiyouxiangongsi,1200,Gukeng Township,Guoliangzhi,Blossom Valley International,2022,Guoliangzhi,Gesha,Unknown,7.67,7.5,7.42,7.75,7.42,7.58,10.0,10.0,10.0,7.58,0.0,82.92,10.2,0,0,yellow-green,0,Blossom Valley International
144,Honduras,Varias,Beneficio Seco Comsa,Cafe Organico Marcala S.A De C.V.,1280,Marcala,Varios,Instituto Hondureño Del Café,2023,Eliud Hernandez Gonzales,Catuai,Washed / Wet,7.67,7.58,7.5,7.5,7.58,7.5,10.0,10.0,10.0,7.5,0.0,82.83,10.0,0,0,green,4,Instituto Hondureño Del Café
145,Thailand,Doi Tung Development Project,Dry Mill,Doi Tung Development Project,1500,North Of Thailand,Doi Tung Development Project,Fabb Academy Of Coffee,2022,Doi Tung Development Project,Gayo,Washed / Wet,7.17,7.92,7.58,7.5,7.58,7.67,10.0,10.0,10.0,7.42,0.0,82.83,11.8,0,0,yellow-green,5,Fabb Academy Of Coffee
146,Vietnam,Ea Tan Cooperative,Simexco Daklak Ltd,Simexco Daklak Ltd,900,Krong Nang District,Ea Tan Cooperative,Specialty Coffee Association,2022,Simexco Daklak,Catimor,Pulped Natural / Honey,7.58,7.42,7.58,7.5,7.67,7.75,10.0,10.0,10.0,7.33,0.0,82.83,13.3,0,0,green,4,Specialty Coffee Association
147,Nicaragua,Finca San Felipe,Beneficio Atlantic Sébaco,Exportadora Atlantic S.A,1200,Matagalpa,Exportadora Atlantic S.A.,Asociación De Cafés Especiales De Nicaragua,2023,"Exportadora Atlantic, S.A.",Shg,Natural / Dry,7.33,7.58,7.25,7.33,7.75,8.17,10.0,10.0,10.0,7.33,0.0,82.75,10.5,5,2,green,1,Asociación De Cafés Especiales De Nicaragua
148,Costa Rica,Ama El Aroma Micro Lot - Sunrise,Micro Mill,Taiwan Coffee Laboratory,1450,West Villege,Various Producers,Taiwan Coffee Laboratory,2021,Taiwan Coffee Laboratory,Sl28,Pulped Natural / Honey,7.33,7.5,7.25,7.92,7.75,7.58,10.0,10.0,10.0,7.42,0.0,82.75,11.8,0,0,pale-yellow,1,Taiwan Coffee Laboratory
149,Colombia,Federación Nacional De Cafeteros De Colombia,Federación Nacional De Cafeteros De Colombia,"Nippon Coffee Trading Co.,Ltd.",1700,Huila,Federación Nacional De Cafeteros De Colombia,Japan Coffee Exchange,2022,Yukinobu Ueda,Caturra,Washed / Wet,7.58,7.67,7.58,7.5,7.33,7.5,10.0,10.0,10.0,7.5,0.0,82.67,11.8,0,1,green,2,Japan Coffee Exchange
150,Thailand,Doi Tung Development Project,Dry Mill,Doi Tung Development Project,1580,North Of Thailand,Doi Tung Development Project,Fabb Academy Of Coffee,2022,Doi Tung Development Project,Caturra,Washed / Wet,7.33,7.58,7.58,7.5,7.67,7.67,10.0,10.0,10.0,7.33,0.0,82.67,13.0,1,0,greenish,0,Fabb Academy Of Coffee
151,Thailand,Kevin Coffee,Dry Mill,Square Root,1200,Chiang Mai,Kevin Wattana,Specialty Coffee Institute Of Thailand,2022,Sajcha Tawaytibhong,Bourbon,Natural / Dry,7.5,7.58,7.5,7.42,7.5,7.58,10.0,10.0,10.0,7.58,0.0,82.67,11.2,0,0,yellow-green,0,Specialty Coffee Institute Of Thailand
152,Honduras,Bethel,Cadexsa,Cadexsa,1450,Los Planes De Santa Maria La Paz,Omar Acosta,Instituto Hondureño Del Café,2023,Cadexsa,Catuai,Washed / Wet,7.67,7.58,7.33,7.5,7.58,7.5,10.0,10.0,10.0,7.5,0.0,82.67,9.6,0,0,green,2,Instituto Hondureño Del Café
153,Taiwan,Tongjingzhuangyuan,Tongjingzhuangyuan,Taiwu Coffee Cooperative,165,Miaolixian,Wushengfa,Taiwan Coffee Laboratory,2022,Taiwu,Unknown,Natural / Dry,7.67,7.67,7.42,7.42,7.42,7.5,10.0,10.0,10.0,7.5,0.0,82.58,9.8,0,0,green,0,Taiwan Coffee Laboratory
154,Taiwan,Juxiangyuan,Juxiangyuan,Taiwu Coffee Cooperative,465,Miaolixian,Xieyuanzhen,Taiwan Coffee Laboratory,2022,Taiwu,Caturra,Washed / Wet,7.67,7.58,7.42,7.42,7.5,7.5,10.0,10.0,10.0,7.5,0.0,82.58,8.4,0,0,blue-green,2,Taiwan Coffee Laboratory
155,Nicaragua,Finca Las Dos Marias,"Compare Coperativo Condega, Esteli, Nicaragua",Nicanola Coffee,1350,Esteli,Nicanola Coffee,Specialty Coffee Association,2022,Rene J Alcebo,Parainema,Washed / Wet,7.5,7.58,7.42,7.58,7.5,7.58,10.0,10.0,10.0,7.42,0.0,82.58,10.1,0,0,green,0,Specialty Coffee Association
156,El Salvador,Agua Caliente,Agua Caliente,Consejo Salvadoreño Del Café,1200,Ilamatepec,"J.J. Borja Nathan, S.A.",Salvadoran Coffee Council,2023,Consejo Salvadoreño Del Café,Bourbon,Washed / Wet,7.67,7.33,7.17,7.67,7.83,7.5,10.0,10.0,10.0,7.33,0.0,82.5,11.3,0,0,green,2,Salvadoran Coffee Council
157,Panama,Finca Lerida,Finca Lerida,Panamerican Coffee Trading,1200,Boquete,Finca Lerida,Specialty Coffee Association Of Costa Rica,2022,Rodrigo Soto,Caturra,Washed / Wet,7.75,7.67,7.17,7.67,7.42,7.42,10.0,10.0,10.0,7.42,0.0,82.5,10.0,0,0,green,0,Specialty Coffee Association Of Costa Rica
158,Brazil,Fazenda Pedra Preta,Copag Varginha,Man Volcafe Brasil Ltda.,1100,Sul De Minas,Eduardo Niero De Souza,Brazil Specialty Coffee Association,2023,Ed&F Man Volcafe Brasil Ltda.,Mundo Novo,Natural / Dry,7.5,7.58,7.5,7.5,7.67,7.42,10.0,10.0,10.0,7.33,0.0,82.5,11.8,0,1,bluish-green,1,Brazil Specialty Coffee Association
159,United States (Hawaii),Kainaliu Farm,Aloha Hills Kona Coffee,Taiwan Coffee Laboratory,640,Kona,Kainaliu-Kona Coffee Company,Taiwan Coffee Laboratory,2022,Taiwan Coffee Laboratory,Maragogype,Washed / Wet,7.33,7.58,7.5,7.5,7.5,7.58,10.0,10.0,10.0,7.5,0.0,82.5,11.7,0,0,blue-green,1,Taiwan Coffee Laboratory
160,Mexico,Las Trincheras,Las Trincheras,Taiwan Coffee Laboratory,1340,Veracruz,Jose Cienfuegos,Taiwan Coffee Laboratory,2021,Full Sweet Coffee,Pacamara,Washed / Wet,7.67,7.42,7.5,7.5,7.67,7.42,10.0,10.0,10.0,7.33,0.0,82.5,10.7,0,0,pale-yellow,0,Taiwan Coffee Laboratory
161,Honduras,La Cuchilla,Cigrah,Mercon Honduras,1368,Ajuterique,Fausto Nahun Maldonado,Instituto Hondureño Del Café,2022,Comercial Internacional De Granos De Honduras Sa De Cv,Catuai,Washed / Wet,7.58,7.58,7.33,7.5,7.58,7.42,10.0,10.0,10.0,7.5,0.0,82.5,10.6,0,0,green,8,Instituto Hondureño Del Café
162,Taiwan,Hongxinkafeiyuan,Hongxinkafeiyuan,Taiwu Coffee Cooperative,139,Xinzhuxian,Humingjie,Taiwan Coffee Laboratory,2022,Taiwu,Unknown,Washed / Wet,7.42,7.42,7.58,7.42,7.58,7.5,10.0,10.0,10.0,7.58,0.0,82.5,8.4,0,0,green,2,Taiwan Coffee Laboratory
163,Nicaragua,Finca Aurora,Beneficio Seco Finca Aurora,Mr.Brown Cafe,1350,Nicaragua,Sabio Coffee - Enrique Ferrufino & Tania Ferrufino,Taiwan Coffee Laboratory,2022,Mr.Brown Cafe,Caturra-Catuai,Washed / Wet,7.58,7.58,7.42,7.42,7.5,7.5,10.0,10.0,10.0,7.42,0.0,82.42,11.4,0,0,bluish-green,0,Taiwan Coffee Laboratory
164,Vietnam,Apollo Estate,Dry Mill,"Sunvirtue Co., Ltd.",1040,Dalat,"Yeh,Li Chuan",Specialty Coffee Association,2021,"Sunvirtue Co., Ltd.",Catimor,Washed / Wet,7.5,7.5,7.33,7.5,7.5,7.42,10.0,10.0,10.0,7.58,0.0,82.33,10.5,0,0,bluish-green,0,Specialty Coffee Association
165,El Salvador,Agua Caliente,Agua Caliente,Consejo Salvadoreño Del Café,1200,Ilamatepec,"J.J. Borja Nathan, S.A.",Salvadoran Coffee Council,2023,Consejo Salvadoreño Del Café,Bourbon,Washed / Wet,7.5,7.5,7.42,7.42,7.42,7.67,10.0,10.0,10.0,7.42,0.0,82.33,12.0,0,7,green,10,Salvadoran Coffee Council
166,El Salvador,Agua Caliente,Agua Caliente,Consejo Salvadoreño Del Café,1200,Ilamatepec,"J.J. Borja Nathan, S.A.",Salvadoran Coffee Council,2022,Consejo Salvadoreño Del Café,Bourbon,Washed / Wet,7.33,7.67,7.25,7.67,7.83,7.42,10.0,10.0,10.0,7.17,0.0,82.33,11.8,0,0,bluish-green,0,Salvadoran Coffee Council
167,Taiwan,Baoshanmijing,Baoshanmijing,Taiwu Coffee Cooperative,140,Xinzhuxian,Songxuren,Taiwan Coffee Laboratory,2022,Taiwu,Unknown,Natural / Dry,7.67,7.58,7.42,7.5,7.33,7.42,10.0,10.0,10.0,7.42,0.0,82.33,10.8,0,0,green,1,Taiwan Coffee Laboratory
168,Peru,Fundo La Libertado,Planta Callao,Itochu Corporation,1600,La Merced,Sand Crispin Espiritu,Japan Coffee Exchange,2023,Kiichiro Iwata,Caturra,Washed / Wet,7.67,7.5,7.33,7.58,7.33,7.42,10.0,10.0,10.0,7.42,0.0,82.25,11.7,0,1,greenish,3,Japan Coffee Exchange
169,United States (Hawaii),Manny'S Farm,Manny'S Farm,Taiwan Coffee Laboratory,1200,Kona District Of Big Island,Manny Ochoa,Taiwan Coffee Laboratory,2022,Taiwan Coffee Laboratory,Typica,Washed / Wet,7.75,7.42,7.33,7.5,7.33,7.5,10.0,10.0,10.0,7.33,0.0,82.17,10.6,1,0,green,5,Taiwan Coffee Laboratory
170,Kenya,Kenyan Highlands,Taylor Winch,Coffee Quality Union,1950,Kericho,Slelected Small Holder,Japan Coffee Exchange,2022,Coffee Quality Union,Sl28,Washed / Wet,7.5,7.5,7.42,7.5,7.25,7.5,10.0,10.0,10.0,7.5,0.0,82.17,11.2,0,0,green,2,Japan Coffee Exchange
171,Honduras,La Cuchilla,Cigrah,Mercon Honduras,1368,Ajuterique,Fausto Nahun Maldonado,Instituto Hondureño Del Café,2022,Comercial Internacional De Granos De Honduras Sa De Cv,Catuai,Washed / Wet,7.67,7.5,7.25,7.5,7.5,7.33,10.0,10.0,10.0,7.42,0.0,82.17,10.6,0,0,green,8,Instituto Hondureño Del Café
172,Taiwan,Jinnuannongchang,Jinnuannongchang,Taiwu Coffee Cooperative,600,Taoyuanshi,Heyuda,Taiwan Coffee Laboratory,2022,Taiwu,Unknown,Washed / Wet,7.5,7.67,7.33,7.5,7.25,7.33,10.0,10.0,10.0,7.5,0.0,82.08,9.7,0,0,bluish-green,0,Taiwan Coffee Laboratory
173,Taiwan,Haokenongyi,Haokenongyi,Taiwu Coffee Cooperative,460,Miaolixian,Pengcongming,Taiwan Coffee Laboratory,2022,Taiwu,Unknown,Pulped Natural / Honey,7.33,7.42,7.42,7.5,7.42,7.5,10.0,10.0,10.0,7.5,0.0,82.08,8.1,0,0,greenish,3,Taiwan Coffee Laboratory
174,Taiwan,Lalashanzulankafeizhuangyuan,Lalashanzulankafeizhuangyuan,Taiwu Coffee Cooperative,500,Taoyuanshi,Zongsuxia,Taiwan Coffee Laboratory,2022,Taiwu,Unknown,Washed / Wet,7.5,7.58,7.42,7.42,7.25,7.42,10.0,10.0,10.0,7.42,0.0,82.0,8.2,0,0,green,1,Taiwan Coffee Laboratory
175,Thailand,Doi Tung Development Project,Dry Mill,Doi Tung Development Project,1200,North Of Thailand,Doi Tung Development Project,Fabb Academy Of Coffee,2022,Doi Tung Development Project,Catimor,Washed / Wet,7.17,7.5,7.42,7.42,7.58,7.5,10.0,10.0,10.0,7.42,0.0,82.0,9.8,0,0,green,0,Fabb Academy Of Coffee
176,Costa Rica,San Diego Mill,Dosmil,Beneficios Volcafé Costa Rica,1500,Corralillo Tarrazu,San Diego Mill,Specialty Coffee Association Of Costa Rica,2019,Volcafe Japan,Caturra,Washed / Wet,7.42,7.42,7.42,7.33,7.58,7.33,10.0,10.0,10.0,7.5,0.0,82.0,10.5,1,2,green,8,Specialty Coffee Association Of Costa Rica
177,Guatemala,Not Specificated,Dry Mill Of Exportcafe,Marubeni Corporation,1550,Oriente,"Exportcafe, S.A.",Japan Coffee Exchange,2022,Ikuto Uehara,Unknown,Washed / Wet,7.42,7.42,7.42,7.33,7.5,7.42,10.0,10.0,10.0,7.5,0.0,82.0,11.5,0,1,blue-green,2,Japan Coffee Exchange
178,Indonesia,Wahana Graha Makmur,Pt. Wahana Graha Makmur Medan,Interamerican Coffee,1350,Sumatra,Pt. Wahana Graha Makmur Group,Nkg Quality Service A Division Of Bernhard Rothfos Intercafé Ag,2022,Charles Umeano,Unknown,Pulped Natural / Honey,7.67,7.33,7.25,7.67,7.42,7.25,10.0,10.0,10.0,7.42,0.0,82.0,12.5,0,0,bluish-green,0,Nkg Quality Service A Division Of Bernhard Rothfos Intercafé Ag
179,Peru,Fundo La Libertad,Planta Callao,Itochu Corporation,1600,La Merced,Sandro Crispin Espiritu,Japan Coffee Exchange,2023,Kiichiro Iwata,Caturra,Washed / Wet,7.5,7.5,7.33,7.5,7.33,7.33,10.0,10.0,10.0,7.42,0.0,81.92,11.6,0,2,greenish,2,Japan Coffee Exchange
180,Guatemala,Multiple Smallholder Farms,Multiple Smallholder Farms,"Haru International Corp,",1200~1600,Antigua,La Minita,Taiwan Coffee Laboratory,2022,Anderson Wong,Caturra,Washed / Wet,7.33,7.42,7.33,7.42,7.58,7.42,10.0,10.0,10.0,7.42,0.0,81.92,10.3,0,0,greenish,1,Taiwan Coffee Laboratory
181,Taiwan,Alasijia,Alasijia,Taiwu Coffee Cooperative,300,Taoyuanshi,Lixiuyuan,Taiwan Coffee Laboratory,2022,Taiwu,Typica,Pulped Natural / Honey,7.25,7.42,7.42,7.5,7.42,7.42,10.0,10.0,10.0,7.42,0.0,81.83,11.3,0,0,green,0,Taiwan Coffee Laboratory
182,Vietnam,Gaia Farms,Hulling Facility,Brew Baby Coffee Company,5400,Lam Dong Province,Viet Coffee Company Limited,Firedancer Coffee Consultants,2023,Rodney Murray,Catimor,Pulped Natural / Honey,7.5,7.5,7.25,7.42,7.42,7.42,10.0,10.0,10.0,7.33,0.0,81.83,11.2,0,0,green,4,Firedancer Coffee Consultants
183,Brazil,Sitio Colinas,Cocarive,Coffee Quality Union,1000,Mantiquira De Minas,Luis Flavio Pereira De Castro,Japan Coffee Exchange,2022,Coffee Quality Union,Yellow Catuai,Pulped Natural / Honey,7.5,7.5,7.42,7.33,7.33,7.33,10.0,10.0,10.0,7.42,0.0,81.83,11.3,0,0,pale-yellow,2,Japan Coffee Exchange
184,Brazil,Fazenda Olhos Dagua,Owned By Producer,Mr.Brown Cafe,1000,Sul De Minas,Paulo Enidio Crabi,Taiwan Coffee Laboratory,2021,Mr.Brown Cafe,Catucai,Natural / Dry,7.42,7.5,7.58,7.33,7.33,7.25,10.0,10.0,10.0,7.33,0.0,81.75,11.1,0,0,yellow-green,0,Taiwan Coffee Laboratory
185,Colombia,More Than One,Trilladora Cca Buga,Mr.Brown Cafe,1574,Santander,More Than One,Taiwan Coffee Laboratory,2021,Mr.Brown Cafe,Santander,Washed / Wet,7.33,7.5,7.33,7.42,7.42,7.42,10.0,10.0,10.0,7.33,0.0,81.75,11.2,0,0,yellow-green,0,Taiwan Coffee Laboratory
186,Mexico,Finca San José,"Coatepec, Veracruz",La Villa Coffee Company Llc,1200,Veracruz,José Gerardo Gutierrez Morales,Centro Agroecológico Del Café A.C.,2022,Alvin La Vaughn Landry,Typica,Washed / Wet,7.58,7.42,7.25,7.25,7.5,7.33,10.0,10.0,10.0,7.33,0.0,81.67,11.8,2,0,green,2,Centro Agroecológico Del Café A.C.
187,Costa Rica,Hacienda San Ignacio,Beneficio La Giorgia,Grupo Ecom,1200,Occidente,Fjo Orlich Hno Ltda,Specialty Coffee Association Of Costa Rica,2023,Ruddy Azofeifa,Caturra,Washed / Wet,7.33,7.42,7.25,7.42,7.42,7.33,10.0,10.0,10.0,7.42,0.0,81.58,9.7,0,2,green,4,Specialty Coffee Association Of Costa Rica
188,Taiwan,Henglu,Henglu,Taiwu Coffee Cooperative,300,Xinbeishi,Lvxinghui,Taiwan Coffee Laboratory,2022,Taiwu,Typica,Pulped Natural / Honey,7.42,7.5,7.33,7.33,7.33,7.33,10.0,10.0,10.0,7.33,0.0,81.58,9.0,0,0,yellow-green,0,Taiwan Coffee Laboratory
189,Taiwan,29,29,Taiwu Coffee Cooperative,435,Taibeishi,Houyiwei,Taiwan Coffee Laboratory,2022,Taiwu,Unknown,Pulped Natural / Honey,7.33,7.5,7.42,7.33,7.33,7.25,10.0,10.0,10.0,7.33,0.0,81.5,8.5,0,0,green,0,Taiwan Coffee Laboratory
190,Thailand,Doi Tung Development Project,Dry Mill,Doi Tung Development Project,1500,North Of Thailand,Doi Tung Development Project,Fabb Academy Of Coffee,2022,Doi Tung Development Project,Java,Washed / Wet,7.33,7.42,7.25,7.33,7.5,7.42,10.0,10.0,10.0,7.17,0.0,81.42,11.6,2,0,green,1,Fabb Academy Of Coffee
191,Thailand,Doi Lan,Miramar Coffee,Taiwan Coffee Laboratory,1400,Chiang Rai,Prakol Saelee,Taiwan Coffee Laboratory,2021,Full Sweet Coffee,Typica Bourbon Caturra Catimor,Natural / Dry,7.42,7.25,7.33,7.42,7.33,7.33,10.0,10.0,10.0,7.25,0.0,81.33,10.5,0,0,yellowish,5,Taiwan Coffee Laboratory
192,Thailand,Doi Tung Development Project,Dry Mill,Doi Tung Development Project,800,North Of Thailand,Doi Tung Development Project,Fabb Academy Of Coffee,2022,Doi Tung Development Project,Catimor,Washed / Wet,7.25,7.25,7.42,7.25,7.42,7.42,10.0,10.0,10.0,7.17,0.0,81.17,10.4,0,0,green,0,Fabb Academy Of Coffee
193,Colombia,Escalera,Escalera,Coffee Quality Union,1800,Cauca,Escalera,Japan Coffee Exchange,2022,Coffee Quality Union,Caturra,Washed / Wet,7.42,7.25,7.25,7.42,7.17,7.33,10.0,10.0,10.0,7.33,0.0,81.17,11.4,0,2,greenish,2,Japan Coffee Exchange
194,Brazil,Various Farm,Dry Mill Of Cocapil,Marubeni Corporation,1200,Ibiraci,Cocapil,Japan Coffee Exchange,2023,Ikuto Uehara,Unknown,Natural / Dry,7.42,7.42,7.25,7.25,7.17,7.25,10.0,10.0,10.0,7.25,0.0,81.0,10.6,0,2,greenish,1,Japan Coffee Exchange
195,El Salvador,"Rosario De Maria Ii, Area De Loma Alta","Optimum Coffee, San Salvador, El Salvador",Aprentium Enterprises Llc,1400,San Vicente,Roselia Yglesias,Salvadoran Coffee Council,2023,Roselia Yglesias,Bourbon,Natural / Dry,7.42,7.33,7.33,7.5,7.08,7.0,10.0,10.0,10.0,7.17,0.0,80.83,10.5,0,8,bluish-green,7,Salvadoran Coffee Council
196,Nicaragua,Exportadora Atlantic S.A,Lavado,Ishimitsu,1100,Unknown,Varios Productores,Japan Coffee Exchange,2021,Wanshanhuazhi,Caturra,Washed / Wet,7.25,7.25,7.17,7.33,7.08,7.25,10.0,10.0,10.0,7.17,0.0,80.5,11.5,0,1,greenish,3,Japan Coffee Exchange
197,Nicaragua,Sajonia Estate Coffee S.A.,Sajonia Estate Coffee S.A.,Sajonia Estate Coffee S.A.,1000,Jinotega,Sajonia Estate Coffee S.A.,Asociación De Cafés Especiales De Nicaragua,2023,Sajonia Estate Coffee S.A.,Sarchimor,Washed / Wet,7.42,7.17,7.0,7.08,7.42,7.17,10.0,10.0,10.0,7.17,0.0,80.42,11.2,0,0,green,5,Asociación De Cafés Especiales De Nicaragua
198,Colombia,Finca Mallorca,Finca Mallorca,Coffee Quality Union,1600,Valle Del Cauca,Finca Mallorca,Japan Coffee Exchange,2022,Coffee Quality Union,Castillo,Washed / Wet,7.25,7.25,7.17,7.33,7.0,7.17,10.0,10.0,10.0,7.25,0.0,80.42,11.0,0,3,greenish,3,Japan Coffee Exchange
199,Peru,Fundo La Libertad,Callao Plant,Itochu Corporation,1600,Lamerced,Sandro Crispin Espiritu,Japan Coffee Exchange,2023,Kiichiro Iwata,Caturra,Washed / Wet,7.5,7.25,7.17,7.17,7.17,7.08,10.0,10.0,10.0,7.0,0.0,80.33,11.8,0,6,greenish,11,Japan Coffee Exchange
200,El Salvador,"Rosario De Maria Ii, Area De Menjivar","Optimum Coffee, San Salvador, El Salvador",Aprentium Enterprises Llc,1300,San Vicente,Roselia Yglesias,Salvadoran Coffee Council,2023,Roselia Yglesias,Pacas,Natural / Dry,7.08,7.25,7.08,7.42,7.42,7.08,10.0,10.0,10.0,7.0,0.0,80.33,11.5,0,10,bluish-green,7,Salvadoran Coffee Council
201,Brazil,Various Farm,Dry Mill,Marubeni,1200,Ibiraci,Cocapil,Japan Coffee Exchange,2022,Ikuto Uehara,Catuai And Mundo Novo,Natural / Dry,7.25,7.17,7.17,7.08,7.17,7.17,10.0,10.0,10.0,7.17,0.0,80.17,11.6,0,1,greenish,2,Japan Coffee Exchange
202,Brazil,Fazenda Conquista,Dry Mill,Ipanema Coffees,950,Sul De Minas,Ipanema Coffees,Brazil Specialty Coffee Association,2023,Ipanema Coffees,Mundo Novo,Natural / Dry,7.17,7.17,6.92,7.17,7.42,7.17,10.0,10.0,10.0,7.08,0.0,80.08,11.4,0,0,green,4,Brazil Specialty Coffee Association
203,Nicaragua,Finca San Felipe,Beneficio Atlantic Sébaco,Exportadora Atlantic S.A,1200,Matagalpa,Exportadora Atlantic S.A.,Asociación De Cafés Especiales De Nicaragua,2023,"Exportadora Atlantic, S.A.",Shg,Natural / Dry,7.33,7.08,6.75,7.17,7.42,7.17,10.0,10.0,10.0,7.08,0.0,80.0,10.4,0,2,green,12,Asociación De Cafés Especiales De Nicaragua
204,Laos,-,Dry Mill,Marubeni Corporation,1300,Bolaven Plateau,"Lao Minh Tien Coffee Sole Co.,Ltd",Japan Coffee Exchange,2022,Ikuto Uehara,Catimor,Washed / Wet,7.25,7.17,7.08,7.0,7.08,7.08,10.0,10.0,10.0,7.0,0.0,79.67,11.6,0,9,green,11,Japan Coffee Exchange
205,El Salvador,"Rosario De Maria Ii, Area De La Pila","Optimum Coffee, San Salvador, El Salvador",Aprentium Enterprises Llc,1200,La Paz,Roselia Yglesias,Salvadoran Coffee Council,2023,Roselia Yglesias,Maragogype,Natural / Dry,6.5,6.75,6.75,7.17,7.08,7.0,10.0,10.0,10.0,6.83,0.0,78.08,11.0,0,12,bluish-green,13,Salvadoran Coffee Council
206,Brazil,Walter Matter,Beneficio Humedo/Seco,Descafeinadores Mexicano Sa. De Cv,1100,Minas Gerais,Walter Matter,Centro Agroecológico Del Café A.C.,2022,Descafeinadores Mexicanos S.A De C.V,Mundo Novo,Semi Washed,7.25,7.08,6.67,6.83,6.83,6.67,10.0,10.0,10.0,6.67,0.0,78.0,11.3,0,0,green,1,Centro Agroecológico Del Café A.C.
